TA00020,TA00021,TA00023,TA00024,TA00025,TA00026,TA00027,TA00028,TA00029,TA00030,TA00054,TA00056,TA00057,TA00061,TA00064,TA00065,TA00066,TA00067,TA00068,TA00069,TA00070,TA00071,TA00072,TA00073,TA00074,TA00076,TA00077
0,0,0,0.16,0.14,0,0,0.02,0,0,0,0,0.04,0.06,0,0,0.2,0,0,0,0,0,0,0,0,0,0
0,0,0.14,0.18,0.04,0,0,0,0,0,0,0,0,0,0,0,0.08,0,0.08,0,0,0,0,0,7.31999999999999,0,0
0,0,8.16,0.14,0.08,0,0,0.02,0,0.08,0.12,0,0.04,0,0,0,0,0.12,0.05,0,0,0.2,0.27,0.03,0.06,0,0
0,0,16.68,7.48999999999999,3.64,11.14,55.2,0.25,0.61,0.14,1.61,30.89,16.49,0,0,0,4.39,15.84,0,0,0,0,0,0,2.79,0,0
0,0,20.98,0.88,0.77,0.12,0.08,0.33,0.06,0.06,0.06,4.16,0.95,0,0,0,0.48,14.56,0.35,0.18,0.2,0.2,0.68,0.8,1.17,0,0
0,0,1.27,0.1,0.1,0.17,0,0.02,0,0,0.02,0,0.08,0,0,0,0.18,0.1,0,0,0,0,0,0,0.08,2.18,0
0,0,0.02,0.06,0,0,0,0,0,0.1,0.02,0,0,0,0,1.88,0,0,0,0,0,0,0,0,0.1,0.02,0
0,0,0,0,0,0,0,0.08,0,0,0,0,0,0,3.48,1.85,0,0,0,0,0,0,0,0,0,0,0.39
0.08,0.6,0,0,0,0,0,0,1.95,0,0,0,0,6.82,5.4,0.02,0,0,0,0,0,0,0,0,0,2.39,0.84
0,0,0,0.02,0,0,0,0,19.84,2.56,7.18,0,0,14.85,0,0.55,0.7,0.02,0,0,0,0,0.04,0,0,54.59,44.94
0.02,15.2,0,0,0,0.7,11.7,0,1.68,6.42999999999999,0.02,0,0,4.31,0.83,0.12,0,0,0,0,0,0,0,0.13,0.06,0.22,1.71
0,0,0,0.04,0,0,0.04,0.02,1.21,0.08,0,0,0,0.43,0.67,1.23,0,0,0,0,0,0,0,0.02,0,5.95,0
0.08,5,0.04,0.12,0.06,0,0.12,0,6.49,0.1,0.22,0,0,12.68,0.02,2.31,0.04,0.14,0,0,0.4,0,0,0.02,0.02,0.08,0
7.86,8.6,0.04,0.02,6.39,40.66,0.02,0.08,3.2,4.76999999999999,0.04,0,2.67,46.76,41.06,6.05,0,0,0,0,0.6,0,0,0.04,0,1.59,0.54
12.14,32.6,0.04,0.18,1.63,3.61,0.2,0.73,5.19,0.52,5.15999999999999,0.1,24.8,13.16,44.62,1.65,0.04,0,0,0,0,0,0,0.96,1.34,0,0.63
7.35,0,0.54,0.02,0.61,5.7,4.85,1.43,0.54,3.28,10.7,0.52,0.02,0.06,0,0,12.6,0.06,0,0,0,0,0,0.2,26.44,0,0.04
78.83,3.6,0,29.92,45.5000000000001,13.05,0.51,2.46,37.7,10.38,0.36,36.25,23.93,9.85999999999999,9.44,2.59,4.59,0.04,0,0,0,0,0,1.77,13.17,6.91,4.21
21.58,11.8,16.17,3.74,31.43,8.67,8.53999999999999,0.96,1.36,8.52999999999999,6.43,26.83,40.6000000000001,3.82,0.04,10.83,4.88,31.33,0,0,0,0,0,2.98,24.75,13.05,0.13
0,18.8,0.24,40.71,0.83,16.56,5.56,1.06,13.95,1.55,35.11,5.59,0.88,9.12999999999999,45.89,20.61,6.01,37.36,0.04,0,0,0,0,0.51,0.42,33.6,22.39
0,1.6,0,5.05,0.45,1.78,3.78,0.04,6.80999999999999,1.76,17.17,4.53,2.71,4.32,20.8,7.31999999999999,4.94,7.13,0,0,0,0,0,0,9.84,25.34,1.36
0,0.2,0.26,1.77,0.95,0,0.52,0.04,2.03,3.12,0.18,0,1.51,1.65,15.39,0.1,0.02,0.29,0,0,0,0,0.09,0,1.2,15.84,2.48
0,0,0.1,0.12,0.04,0,0,0.02,0.1,0.06,0.16,0,0,0.5,6.52,16.08,0,0,0,0,0,0,0,0,0,7.65,1.65
0,0,0,0.14,0.02,0,0,0,0.14,0.12,0.02,0,0,0.24,0.18,10.21,0,0,0,0,0,0,0,0,0.02,0.38,6.85
0.12,0,0,0.18,0,0,0.06,0,0,14.31,0,0,0,0.18,0,0.88,0,0,0,0,0,0,0,0,0,0.1,0.12
0,0.2,0,0.14,0.12,0,0.08,0,0,0.12,0,0,0,0.18,0,0.78,0,0,0,0,0,0.4,0,0,0,0,0.18
0.02,0.2,0,0.12,0.33,0,0.02,0.02,0,0.62,0,0,0.51,0.18,0,0.12,12.66,0,0,0,0,0,0,0,0,0,0.12
1.84,0,0.9,0.9,2.27,0,0,0.12,0.02,0,0,0,2.33,0,0,0,12.41,0,0,0,0,0,0,0,0,0,0
1.2,0,0,0.62,0.9,0,0.32,0.6,2.14,0,0,8.6,1,0,0,0,1.74,0.88,29.1,19.26,3.2,12.4,0,0,0,0,0
1.31,0,0,0.08,0.46,11.8,0.42,0.28,7.44,5.21999999999999,0,0.11,0.19,1.26,0,0,0,0,0.02,0,0,0,0,0.78,0.86,0,0.57
0.06,0,0.04,0.16,0,0.12,4.51,0.07,0.53,12.71,8.5,0,0,18.57,0,0.08,0,0.06,0,0,0,0,0,0,0.06,0.99,7.34999999999999
0.06,0,0,0.1,0,0,0,0,7.84,5.12,0.02,0,0,4.41,0.28,3.67,0,0.38,0,0,0,0,0,0,0,0.04,0.04
0.06,0,0,0.06,0,0,0,0.11,0.16,1.91,0,0,0,0.18,0.24,0,0,0,0,0,0,0.2,0,0,0,0.39,2.95
0.1,0,0,0.08,0.04,0,0,0,0,2.5,0.04,0,0.02,0.2,1.12,0.34,0,0,0,0,0,0,0,0,0,0.02,0
0,0,0,0.1,0,0,0,0,0.04,0.14,0,0,0,0.12,0,0.08,0,0,0,0,0,0,0,0,0,0,0.08
0.02,0,0,0.1,0.04,0,0,0.02,0,0,0,0,0,0,0,0,0,0,0,0,0,0,0,0,0,0,0.06
0,0,0,0.02,0,0,0,0,0,0,0,0,0,0,0,0,0,0,0,0,0,0,0,0,0,0,0
0,0,0,0,0.02,0,0,0,0,0,0,0,0,0,0,0,0,0,0,0,0,0,0,0,0,0,0
40.89,0,0.02,0,2.99,16.01,0,0,1.26,1.91,0,0,0.75,0,0,2.17,1.55,0,0,0,0,0,0,0,0,0,0
3.83,0,15.45,0.63,0.12,0.06,0.34,0,0.08,10.57,1.45,0,2.19,1.92,11.81,0,0.34,21.63,0,0,0,0,0,0.05,3.06,0,6.75
0.5,0,0.93,1.37,0.36,0,14.31,1.75,0.76,1.02,0,27.56,0.32,0.06,0,0,0.66,8.09999999999999,2.31,6.15,1.4,0,0,0.04,28.31,0,0
42.54,0,0,0.14,14.31,1.12,4.32,0.45,3.16,12.75,14.24,0.02,0.52,4.57,0.04,0,25.07,0,0,0,0.2,0,0,0,1.66,0,0.33
23.24,8.8,0,0,46.81,1.1,0,0.03,1.13,47.6700000000001,6.99,0,37.71,11.16,4.75999999999999,9.03,56.83,28.51,0.62,0.43,0,0,0,0,0.06,0,1.02
0.06,1.6,0,0.02,0.14,0,0,0,0.02,21.73,0.06,0,0.08,0.06,0.04,0.18,0.14,0.3,0,0.04,0,0.8,0,0,0,0,0.06
0.08,0.2,0,0.14,0.08,0,0,0.24,0,0.16,0.02,0,0,0.16,0,0.16,0.06,0,0,0,0.4,0,0,0,0,0.02,0.14
0.04,0,0,0.08,0.02,0,0,0,0,0.14,0,0,0,0,0,0,0,0,0,0,0,0,0,0,0,0,0
0,0,0,0.06,0.02,0,0,0,0.06,0.12,0,0,0,0.02,0,0,0,0,0.12,0,0,0,0,0,0,0,0
0.02,0,0,0.06,0,0,0,0,0.12,0.08,0,0,0,0,0,0,0,0,0,0,0,0,0,0,0,0,0
0.02,0,0,0.06,0.08,0,0,0,0,0.1,0,0,0,0,0,0,0,0,0,0,0.2,0,0,0,0,0,0
0,0,0,0.53,0.02,0,0,0,0.04,0,0.02,0.22,0,0,0,0,0,0,0,0,0,0,0,0,0.1,0,0
0,0,0,0,0,0,0,0.02,2.25,0.38,0,0,0,0,0,4.78,0,0,0,0,0,0,0,0,0,0,4.2
0,0,0,0,0,0,0,0,0,0,0,0,0,0,0,0,0,0.27,2.05,1.48,0.2,0,0,0,0,0,0
0,0,0.14,0,0,0,0,0.02,0.12,0,0,0,0,2.62,0,0.06,0,0,0,0,0,0,0,0,0,1.19,2.05
0,0,0,0.04,0,0,0,0,0,0.06,0,0,0,0,0,0,0,0,0,0,0,0.2,0,0,0,0,0
0,0,0,0.04,0.02,0,0,0.11,0,0.06,0,0,0,0,0,0,0,0,0,0,0,0.2,0,0,0,0,0
0,0,0,0,0,0,0,0.02,0,0.02,0,0,0,0.05,0,0,0,0,0.08,0.1,0.2,0,0,0,0,0,0
0,0,0,0.04,0,0.12,0,0,0,0.04,0,0,0,0,0,0,0,0,0,0,0,0.4,0,0.14,0,0,0
0,0,0,0,0,0.21,4.83,0.07,22.24,0.02,6.94,6.19,0,8.64,0,0.11,0,6.27,0.04,0.04,0,0,0,1.35,0.08,2.39,5.6
0.41,0,1.23,0.15,0,0.08,0.22,0,1.55,13.4,0.14,0,0.02,0.02,2.49,0,0,12,0.15,0.04,0,0,0,0,0,0.12,0
0.02,0,1.06,0.06,0.02,0,2.35,0,0,0.12,0,1.9,0,0,0,0,0,5.41,0,0.02,0.2,0,0,0,2.02,0,0
0.04,0,0.29,0.02,0,0,0.14,0.02,0.17,0.23,0,1.16,0,0,0,0,0.22,0.02,0.92,0.38,0.2,0.6,0,0,3.8,0,0
2.34,0,0,0.06,0.04,0.22,31.33,0.15,0.31,0.04,0,17.44,0.19,0,0,2.63,0.5,0.04,1.38,0.1,0.2,0.6,0,0,50.07,0,0.14
0,0,0.04,0,0,0.02,0.86,0.17,0.55,0.04,3.88,0.96,0.39,0.62,0,20.35,0,0,0.02,0.27,0,0.2,0,2.63,1.31,15.59,7.87
0,0,0,0,6.59,0,0,0.11,0,0.02,0.12,0.22,0.1,0.16,0,0,0.02,0,0,0.1,2.2,0.4,0,0,0.24,0.08,0.12
0,0,0,0,0,0,0.06,0,0,0.04,0,0.08,0,0.18,0,0,0.14,0.08,0.52,0.06,0,0,0,0,0,0,0.2
0,0,0,0.02,0,0.18,0.08,0,0,0.02,0,0,0,0,0,0,0.04,0.16,0,0.14,0.2,0.4,0,1.06,0.13,0,0
0,0,0,0.45,0,1.17,5.64,0.19,2.1,0.02,0,1.3,0,2.61,1.47,0.14,0,0,0,0,0,0.4,0,0,3.62,0,8.79999999999999
17.69,0,0,0.82,0,1.43,0,0.25,8.05,0.02,0,1.5,0,5.64,6,3.72,0,0,0.16,0.3,3.2,0.2,0,5.77,0,0.41,2.21
0.06,15.2,0,3.1,0,1.46,18.56,0,8.91999999999999,0.08,10.39,25.03,0.16,6.56999999999999,5.51,38.61,0.06,41.77,12.18,9.21,20.4,0.2,0,0,0.43,32.81,8.07
41.48,58.8,13.98,10.87,15.99,22.4,32.91,0.53,12.04,24.89,18,43.82,21,15.87,14.11,3.99,8.17999999999999,42.49,1.24,0.1,9.2,0.2,0,0.06,18.16,5.05,36.93
7.4,0.4,0.1,3.25,1.27,0.61,0.02,0.07,0.18,9.82,1.92,6.11,3.4,0.78,0.12,0.02,1.06,0.09,0.02,0,0.2,0,0,0,3.85,0.1,0.3
0,0,0,0.06,0.64,0.04,0.07,0,0,0.14,0,0,0,0.04,0,0,0,0.04,0,0.51,0,0.4,0,0,0,0.04,0
0,0,0,0.06,0,0,0.38,0.04,0,0.04,0,0,0,0,0,0,0,0,0,0.06,0,0,0,0,0.12,0,0
0,0,0.04,0.08,0,0,0,0,0,0.06,0,0,0,0,0,0,0,0,0.02,0.08,0.2,0,0,0,0,0,0
0.04,0,0,0.08,0,0,0,0.02,0,0,0,0,0,0,0,0,0,0,0.02,0.3,0.2,0.2,0,0,0,0,0
0,0,0,0.06,0,0,0,0.02,0,0.02,0,0,0,0,0,0,0,0,0,0,0,0.2,0,0,0,0,0
0,0,0,0,0,0,0,0,0,0,0,0,0,0,0,0,0,0,0,0.18,0.2,0,0,4.55,0,0,0
0,2,0,0,0,0,0,0.02,13.22,4.33,0,0,0,2,0.1,0.04,0.36,0,0,0,0,0,0,0,0,0,1.96
0,9,0,0,0,0.1,2.7,0.02,11.49,11.86,10.36,1.32,0.02,6.30999999999999,26.87,65.95,0.14,0.49,0.02,0,0.2,0.2,0,0.04,0,2,16.06
0.19,0.2,0,0,0,0.1,0,0.02,0.1,0.12,0.18,0,0,0.86,0,0.08,0,0,0.04,0.06,0.2,0,0,1.01,0,1.94,10.1
0,0,0,0,0.02,0.04,0,0,0,1.2,0.06,0,0,0,0,0,0,0,0,0,0,0.6,0,0,0,0,0
0,0,0,0,0,0,0,0.28,9.90999999999999,0.02,0,0,0,0,0,20.67,0,0,0,0,0,0,0,0,0,0,3.79
0,9.2,0,0,0,0,0,0,1.79,4.81,0,0,0,9.44,0,6.03,0,0,0,0,0,0.8,0,0,0,9.26,5.86999999999999
0,0,0,0,0,0.45,0,0.03,0.06,0.08,1.01,0,0,12.12,17.23,0,0,0,0,0,0.2,0.8,0,0,0,0.57,0.18
0,0,0,0,0,0.12,0,0.02,0,0.06,0.16,0,0,0.22,3.45,7.8,0,0,0,0,0,2.2,0,0.02,0,0,0.14
0.02,0,0,0.16,0,0,0,0.02,0,0.04,0,0,0,0.24,0,0.28,0,0,0,0,0,0.4,0,0,0,0.04,0.22
0.04,0,0,0,0,0,0,0,0,0,0,0,0,0.14,0,0.04,0,0,0,0,0,0.4,0,0,0,0,0.22
0,0.4,0,0.02,0.04,0,0,0,0.02,1.4,0,0,0,0,1.65,0.33,0,0,0,0,0,0.2,0,0.02,0,0,0
0,0,0,0,0,0.02,0,0,0,0.04,0.07,0,0,0.04,10.87,0,0,0,0,0,0,0.6,0,0,0,0,0
0,0,0,0,0,0,0,0,0.02,0,0,0,0,0,0.07,0,0,0,0.02,0,0,0,0,0,53.98,0,0
0,3.2,0,0,0,0,0,0,0,0,3.08,0,0,5.81,11.98,3.21,0,0,0,0,0,0.4,0,0,0,0,0.44
0,8,0,0,83.67,0,1.3,0,0.04,4.58,0.08,0,0.43,0.2,0,36.66,26.13,0,0.1,0.29,0,0,0,2.93,0,0,0
17.36,50.4,0,22.39,34.83,3.94,0,0,0.89,48.7500000000001,28.67,1.67,21.91,44.61,1.34,54.46,11,0.02,1.13,1.24,0,2,0,2.08,12.41,25.88,18.47
36.41,36.8,20.26,25.4,75.08,0.08,0,0,4.43,11.76,0.06,5.23,41.52,29.55,0.06,2.04,50.26,1.46,20.48,6.79,5.2,17.6,0,0,0.36,1.93,33.9
1.16,1.8,2.69,13.05,0.88,4.29,10.29,6.42,22.1,14.15,4.63,5.3,2.08,31.44,27.54,14.87,4.47,9.81,0,0,0,0,0,0.07,16.56,3.91,7.32
21.62,106.6,0,30.47,10.18,11.29,2.87,0.79,27.45,26.62,35.4,79.04,23.9499999999999,3.73,19.95,58.82,70.57,8.99999999999999,2.87,14.52,8.4,0,0,0.5,64.77,3.01,8.47999999999998
0.83,4.2,24.17,0.2,14.85,5.97,1.83,0.3,5.9,0.78,4.55,2.16,3.41,0,1.96,2.99,2.29,2.3,0.28,0.66,0,1.6,0,0,0.91,0.42,0.12
0.35,0,0.9,0.15,2.04,0.41,0.04,2.63,1.84,0.04,0.42,0.51,1.04,0,25.16,0,0.68,2.59,0.1,0.06,0.2,0,0,1.5,1.62,0,1.53
0.16,0,0.02,0.02,0,0.24,0,0.03,0,0.06,0.56,0,0,0,0.04,0,0,0.04,0.16,0.08,0,0,0,0.02,0.92,0.88,0.78
0.08,7.6,0.32,0.1,0.04,0,0.63,0,0,0.06,0.26,0,0.02,0.02,0.79,0.65,0,0,0.1,0,0,0,0,0,0.64,2.03,0.02
0.04,0.4,0.06,0,3.2,0.27,0,7.57,1.34,0,0.06,15.25,0,0,0.13,16.43,3.02,0,0,0,0,0.4,0,0,3.3,33.69,68.8
0.02,17.4,5.72,0.04,0.02,2.96,0.84,0,0.02,0.1,0.1,14.83,0,0,19.36,2.67,0.02,0.17,20.03,18.11,20.6,31.4,0.02,0,10.07,8.96,0.8
1.06,0.4,0.49,0.89,1.3,16.69,9.02,0.02,0.71,0.14,8.77,15.34,0,0,0,8.07,0,2.45,5.55,13.76,4.4,19.8,8.23999999999999,0,17.23,8.61,16.7
0,5.2,0.02,0,0,2.33,7.05,0,1.02,0.08,6.51,11.72,0,0,18.79,0.43,0,4.76,1.5,3.32,0,7.6,9.59999999999998,0,35.74,2.5,26.19
0.1,0.6,0.04,0,0,0.04,0.06,7.65,0,0.14,0.1,0.42,0,0.02,8.24999999999999,19.05,0,0,5.61,13.65,12.6,9.4,1.4,0,1.94,5.47,27.25
0,42.4,0,0,0,0.74,0,0.03,0,1.43,0,0,0,0.02,9.75,0.2,1.89,0.6,39.53,38.84,65.4000000000001,50,0.67,0,32.43,0.28,5.45
0,3.8,0.08,0,0,1.19,1.38,0,0,0.12,0,2.49,0,0.02,12.03,42.5,0.1,4.19,111.76,93.0199999999999,85.6000000000001,251.2,0,0,26.27,0,11.19
1.06,0,0.88,33.76,2.81,0.1,11.67,1.17,0.28,1.22,0.3,1.11,5.26,0.03,0.34,21.56,3.3,0.38,6.12999999999999,7.58,28.4,19.6,12.28,0.18,5.82,0.41,2.14
1.16,8.6,0.08,6.23,3.83,14.35,10.94,2.45,0.31,0.91,0.34,37.3,24.82,0,1.21,4.4,11.94,0.56,0.75,1,0.4,1.2,8.25999999999999,0.72,13.84,26.67,16.7
0.1,30.8,0,6.87,21.85,1.32,32.16,2.95,7.02,4.92999999999999,0,2.78,34.5,0.02,10.9,11.84,18.89,0.56,0,0.06,0,0,0,0.04,26.4,3.1,1.55
12.33,10.8,29.84,23.01,13.25,12.46,2.53,0.04,7.51,8.13,18.65,23.53,11.93,0,17.03,20.69,9.32,2.85,0,0,0,0,0,0,11.25,6.83999999999999,27.39
9.66,7.8,59.46,1.48,8.12,21.85,22.63,0,8.71999999999999,19.61,3.91,23.63,0.24,0,3.18,2.04,13.89,1.7,0.15,1.03,0,0,0,0,0.32,1.77,20.66
9.12,0,8.09,23.87,9.03999999999999,0.1,13.92,0,3.09,21.34,12.42,0.02,9.64,0,0.08,0.08,2.92,3.95,0,0.1,0.4,0,0.06,1.05,0.06,2.22,16.97
1.39,0,0.06,0.06,0.36,0.08,0.08,0.02,0.02,0.26,0.1,1.05,0.55,0,0,0,2.13,37.65,4.3,2.49,7,16.8,0,0,0.5,0.1,0.04
0.06,7.6,3.32,0,0.06,0.02,0,0,0.16,0.18,0,9.73,0,0,0,0.2,0.02,38.45,24.09,3.06,0.6,13,0,0,0.04,19.32,0.1
8.71,0.6,0.22,33.08,13.35,4.15,2.15,2.73,13.08,0,5.26,6.33,16.33,0,0.44,3.65,4.81,36.21,8.06,23.81,7.8,14.8,3.24,0,0.52,0.08,6.74
23.23,0.6,0.16,9.47999999999999,39.45,14.02,13.62,4.74,25.56,0.2,4.88,33.4,32.88,0,1.51,0.08,48.25,4.53,3.72,8,9.6,4,0,0.04,41.46,1.38,15.14
0,5.2,0.1,4.88,2.13,6.97999999999999,0,16.94,4.92,9.60999999999999,1.92,0.52,10.59,0.02,0.22,13.2,0.99,1.88,0.38,1.91,3,3.2,0,0.02,11.97,3.22,13.96
2.18,4.4,0.08,20.28,2.92,2.8,10.75,1.21,24.43,0.04,5.68,45.4700000000001,0.02,0,0.04,4.95999999999999,9.73999999999999,0.12,0.83,1.83,0.4,8.2,0,0.06,13.97,7.75999999999999,40.17
48.66,0.8,0.06,2.1,18.21,1.27,40.14,0.75,0.41,3.26,15.4,43.56,91.9900000000001,0,0.15,1.15,12.42,3.98,42.3,67.5,40,62.8,0,0.29,10.18,14.31,1.13
0.08,10.4,0.04,6.05,64.15,0.8,4.11,0.95,19.8,10.11,2.5,70.27,61.75,0,27.59,0.65,15.92,0.58,0,0.02,0,0,0,5.42,34.81,0.36,0.04
20.52,23,0,6.12,6.85999999999999,11.21,14.35,5.03,37.9500000000001,14.98,31.87,17.89,9.93999999999999,0,34.83,48.97,9.97999999999999,0.22,0.08,0.33,0.2,0.4,0,0.02,13.21,0.26,2.08
15.91,30.2,0,19.01,0.96,12.77,38.26,5.19,10.03,1.14,31.34,21.2,8.73999999999999,0,0.76,1.5,0.18,1.31,0.06,0.14,0.2,0,0,3.36,9.85999999999999,0.82,0.18
3.44,5,0,0.23,0.02,1.23,7.9,16.25,13.77,0.84,0.34,2.14,0.02,0,0.97,1.5,0.24,0,0.12,0.16,0.2,0,0,0,5.77999999999999,1.08,6.00999999999999
0.04,2.6,0,0,0,15.76,0.12,43.24,0.06,0.06,0.42,0,0,0,0.22,28.45,0.04,0,0.04,0.08,0,0,0,0,0.08,0.76,8.58
0.04,2.2,0.06,0,1.51,1.52,0,0.05,25.69,0.14,0.1,0,0,0,0.83,0.2,2.1,0,1.3,0.08,4.2,1,0,0,0.52,0.46,0.08
0.02,0,0,6.45,15.07,0.1,15.72,0.32,0.1,0.24,0.46,1.53,1.46,0,15.29,9.1,6.96,4.88,8.9,6.81,13.8,10,0.02,0,18.17,0.960000000000001,0
0,19,0,0.2,37,4.40999999999999,4.1,7.13,14.02,2.3,12.48,26.79,79.45,0,4.48,51.2200000000001,27.87,0.36,0,0,0,0,0,0.02,27.91,1.64,3.53
1.06,13,0,0,44.5900000000001,0,0.02,15.75,14.04,0.36,1.07,0.53,34.22,0,0.26,2.17,57.77,0,0,0,0,0,0,0.91,0.18,2.84,0.08
0,0.8,0,0,0,5.66,0.08,2,1.21,0.36,15.49,0,0,0.02,1.14,0.14,0,0,0,0.19,0,0,0,0,0.08,0.42,3.4
0.53,0.4,0.02,0.77,0.43,0.14,0.04,3.1,0.02,4.51,15.9,1.38,3.22,0,9.66,18.86,2.15,0,0.92,1.81,2,1,0,0.02,1.84,0.14,0.41
1.65,17,2.18,9.24,21.44,6.79999999999999,1.64,3.9,15.95,5.65,12.53,24.39,8.85,0,12.08,53.9400000000001,35.46,4.82,3.44,15.19,16.8,26.4,0,0.1,27.38,0.48,14.4
0.88,44.4,0.04,0,0.54,9.65999999999998,0.02,2.67,7.88,0.57,17.97,3.8,0.21,0,16.41,17.17,0.47,4.15,2.84,2.24,2.4,6.6,0,0,12.12,2.14,18.7
0.02,3.6,0.08,0,0,0,0.31,7.03,7.93,0.18,52.9,0,0,0,0,1.02,0.06,0.02,1.95,2.09,3.8,19.2,0,0,0.02,0.82,2.06
0.02,1.2,0.06,0,0,17.76,0.32,0.98,0.81,0,15.77,0.36,0,0.02,0.08,16.21,0.02,0,0,0,0.2,0,0.03,0,0.57,0.5,29.24
0.02,0.2,0.04,0,0,25.72,0,0.09,10.51,0.14,10.61,0.04,0,0,3.55,5.21,0.08,0,0.06,0.16,0.2,0,1.38,0,0.22,5.53999999999998,9.22
0,0.4,0,0,0,0.14,0.04,0.02,7.91,0.06,31.17,0.04,0,0,1.21,4.12,0.02,0,0,0.04,0.2,0,0,0.02,0.54,1.54,3.14
0,0.6,0.04,0,0,18.8,0.04,0,10.16,0.1,23.73,0,0,0,0.06,7.52,0,0,0,0,0.2,0,0,0,0.1,1.9,9.24
21.29,0.4,0,39.44,25.38,9.49999999999998,0.1,0.08,0.89,11.39,4.88,27.18,18.25,0.02,4.75,24.02,24.44,1.85,4.86,0.76,0.2,10.4,0,0.19,1.83,2.48,0.06
7.10999999999999,0,0,17.78,27.97,7.23,0.53,0.02,2.21,0.67,9.7,103.94,20.47,0,1.55,13.02,53.84,8.89,2.24,0.59,1.2,1.6,0,1.19,34.39,0.68,99.6999999999999
0.7,0.2,0,32.95,32.26,27.4600000000001,0.44,1.11,22.32,0.34,1.03,15.25,35.75,0,0.22,17.37,17.24,1.57,2.26,1.2,0,1.6,0,1.31,30.21,0.940000000000001,14.49
0.08,21,0,4.19,5.68,17.4,0,0.32,0.47,9.21,1.27,0.7,4.93,0,5.28,3.21,3.87,0.1,0.73,0.57,0.2,0,0,2.29,1.67,0.42,4.78999999999999
0,17,0,0,0,8.00999999999999,0,0.19,0.04,0.1,1.96,0.63,0.73,0,0.08,2.33,0,0,0.39,2.65,7.6,32,0,0.02,3.33,0.12,1.49
0,0.2,0.08,0,0,2.53,0,0.04,0.16,0,0.06,0.21,0,0,0.93,0.14,0,0.02,13.38,34.42,2.6,34.2,0,0.04,0.29,0.44,0.92
0.02,0.4,0,0,0,0.06,0.26,0.02,42.63,0.06,0.14,0.53,0,0,1.62,0.16,0.1,0.44,0.66,4.46,0.8,11,0,0.02,0.8,0.02,0
0,23.6,0.02,0.38,0.02,8.03999999999999,0.02,0.02,1.33,0.02,0.16,0.06,0,0,3.22,4.49,0.07,0,0.72,8.33,2.6,5.6,0,0,0.98,0.06,0.53
0,0.4,0,0.04,0.04,2.52,0.85,0.07,26.67,0.12,0.36,0,0,0,2.12,28.25,0,0.2,0.15,0.61,0.2,1.4,0,0,0.08,0.54,0.02
0.37,0,0.08,0,0.69,0.88,0,0.02,7.89,0.06,0.1,0,0.8,0,0.1,1.36,1.85,0,0.12,0.49,0.4,2.4,0,0,0.04,0,0.06
0.45,11.4,0.06,0,0,0.48,0,0,0.06,0,0.04,0,0,0,0,1.28,0,0,0,0.04,1.2,0,0,0,0,0,0.1
0,0.2,0,0,0,0.1,0,0.02,0.1,0.1,0.08,0,0,0,0,0.27,0,0,0.08,0.1,0,0,0,0.02,0,0,0.08
0,0,0,0,0,0.24,0.04,1.07,10.22,0.1,0.16,0,0,0,0,1.13,0,0,0,0.08,0,0,0,0.06,0,0,0
0.08,0.2,0,0,0.02,0.08,0.04,0.03,0.1,0.1,0.06,0,0.06,0,0,0.69,0.12,0.02,0.16,0.62,0.2,3,0,0,0,0,0
0.06,0,0,0.06,0,0.02,0,0.04,0.04,0.08,0.04,0,0,0,0,0.14,0,0,0.75,1.04,0.2,0,0,0.06,0,0,0
0.04,0,0,0.04,0,0.06,0,0,0.04,0.08,0.08,0,0,0,0,0.14,0.06,0,0.02,0.24,0.2,1.2,0,0.02,0,0,0
0.06,0,0,0.1,0.12,0.02,0,0,0.12,0.06,0,0,0.08,0,0,0,0.06,0,0.24,0.18,0,0,0,0.02,0,0,0
0.02,0,0,0,0,0.02,0.02,0.02,1.36,0,0.06,0,0,0,0,0.08,0,0,0.08,0.44,0.2,0,0,0,0,0,0.11
0.02,0,0.06,0,0,0.02,0,0.02,0.14,0.08,0.02,0,0,0,0,0,0,0,0.02,0.23,0.2,0.6,0,0,0,0,0.12
0.02,0,0,0.04,0,0.08,0.06,0.02,0.08,0.06,0.06,0.14,0,0,0,0.1,0,0,3.06,3.55,0.4,7.4,0,0,0,0,0
0,0,0.04,0.02,0,0.04,0,0.31,0.04,0.06,0.08,0.39,0,0,0,0.02,0,0,0.5,2.2,0.6,12.2,0,0,0,0.2,0.35
0,0,0.02,0,0,0.02,0,0.04,0.14,0.02,0.02,0,0,0,0,0,0,0,1.8,5.86,3.4,0.4,0,0,0,0.04,2.14
0.02,0.2,0,0,0,0.06,0,0,0.14,0.06,0.02,0,0,0,0,0.1,0.08,0,0.42,1.74,0,1.4,0,0,0,0,0.1
0,0,0.02,0,0,0.06,0,0,0.06,0.08,0.1,0,0,0,0,7.56,0.04,0,0,0,0,0,0,0,1.6,0.1,0.37
0,0,0,0,0,0,0,0.04,0.08,0.04,0.06,0,0,0,0,0.12,0,0,0.22,0.87,0.2,2.6,0,0,0.22,0.1,0.16
0,0.2,0,0,0,0.04,0.18,0,0.22,0.06,2.34,0.29,0,0,0,4.06,0.14,0,0.52,1.93,1.8,3,0,0,1.82,0.04,0
0,0.2,0,0,0,0.02,0,0,17.65,0.08,0.12,0,0,0,0,0.96,0,0,0,0.02,0.2,0,0,0,0,0,3.31
0,0,0.02,0,0.12,0.08,0,0,0.46,0,0,0,0.1,0,0,0.1,0,0,0,0,0,0.4,0,0,0,0,0.08
0,11.4,0,0,0,0.06,0.06,0.02,0.72,0.33,0.1,0,1.11,0,0,9.53999999999999,0,0,0,0,0,0,0,0.02,0,0,0
0,6.2,0,0,0,6.24,0,0.51,4.4,0.02,0.25,0,0,0,0,15.88,0,0,0,0,0,0.4,0,0,0,0,12.04
0.02,2,0,4.11,6.13,0.06,0,6.29,1.61,0.08,0.56,0.12,0.37,0,0,0.22,1.47,0,2.69,4.37,1.6,2.8,0,0,0.48,0,0.16
1.12,59.4000000000001,0,1.28,4.72,11.54,0,136.63,8.10999999999999,24.13,1.87,4.43,5.43,0,0,0.81,9.30999999999999,0,0.54,1.27,2,0.2,0,4.17,8.23999999999999,0,10.09
1.16,2.4,0.02,0.18,6.4,6.81999999999999,0,0,6.73999999999999,1.01,20.25,0.04,6.46,0,0,27.48,3.34,0,0.13,2.08,2.8,0.2,0,0,0.16,1.08,1.39
0.02,14.6,0,0.52,0.44,1.31,1.84,0.02,0.1,0.1,14.08,1.52,0.1,0,0,3.1,0,2,0.31,3.8,10,3.2,0,0.02,5.04,0.16,1.54
0.98,11.8,0,7.05,3.83,0.12,4.17,14.07,7.87,2.73,15.15,23.98,2.93,0.02,0,10.61,2.56,1.6,0.15,16.77,9.8,33.4,0.12,0.02,18.35,0.16,7.94
0.78,6.6,0,6.48999999999999,11.26,19.37,0.89,1.63,22.27,1.29,1.79,3.78,4.21,0,0,13.36,10.59,0.3,0,3.76,0.8,7.2,1.08,6.52999999999999,7.15,0.12,35.05
0.04,5.8,0,0.5,0.46,4.67,0.28,0.38,1.37,2.49,6.04999999999999,2.34,0.66,0,0,0.81,0.57,0.83,0.02,1.49,5.4,2.2,0.08,2.7,6.78999999999998,0.04,0.71
0,8.2,0,0.04,0.1,6.09,0.18,2.97,4.35,0.28,9.95,5.43999999999999,0.02,0,0,0.1,0.62,0.34,0.44,7.36,15.6,8.6,5.36,3.34,6.29999999999998,0,0.04
0,2,0,0.63,0,1.32,0,1.38,5.23,0.02,9.08999999999999,0.18,0,0.09,0,0.26,0.02,0,0.05,1.56,0.2,12,0,0.52,0.55,0,0
0,46.8,0,0,0,0,0,0.1,0.18,0,0.22,0,0,0,0,27.44,0.08,0,0.08,13.39,17,8,0,0,0.91,0.09,4.2
0,0.2,0,0,0,0.06,0,0,0.08,0,0.06,0,0,0,0,4.15,0,0,0.07,8.36,16.2,0,0,0,0.1,0,0
0.02,6,0,0.12,0.02,0.02,0,0.06,0.14,0,11.96,0,0.04,0,0,0.08,0.04,0,0,0.1,2.4,5.4,0,0.1,0,0,0.92
0.08,0,0.08,0.06,0.14,0,0,6.57,19.3,0,0.16,0,0.08,0,0,0.02,0.14,0,0.04,0.75,0.2,0.2,0,0.23,0.55,0,0.1
0,0.4,0,0.12,0,0.1,0,1.46,1.05,0,2.34,0.74,0,0,0,0.02,0.02,0.6,0,0.12,0.2,0.6,0,0,0.42,0,0.16
0,0.8,0.06,0,0,0.1,0,0,4.67999999999999,0,8.33999999999999,0,0,0,0,0,0,0,0.04,5.01,0,0.4,0,1.21,0,0,0.71
0.06,1.6,0,0,0.08,12,0,0.04,2.49,0,2.21,0,0,0,0,1.69,0.02,0,0.03,0.99,1.6,0.2,0,5.95,0,0,1.11
0.02,0.2,0,0,0,5.54,0.62,0.02,0.32,0,1.92,0,0,0,0,0.02,0.02,0,0,0.19,0.6,0,0,26.44,0.26,0.02,0.02
0,0.2,0,0,0,0.2,0,0.02,15.02,0,1.85,0,0,0,0,0.06,0,0,0,3.14,1,2,0,0,0.54,0.08,0.16
0,0,0.14,0,0,5.06,0,14.48,0.44,0,0.02,0,0,0,0.04,0.02,0,0.08,0,0,0,0,0,0.76,0.45,0,1.43
0,1.4,0.08,0.02,0.04,0.69,0,0.04,0.32,0,12.2,0,0,0,0,0.23,0,0,0,0,0,0,0,0,0,0.04,0.46
0.02,0,0.04,0.06,0.08,0,0,0.17,1.96,0,2.07,0,0.02,0,0,0,0.06,0,0.02,0.06,0,0,0,1.41,0,0,0
0.04,0,0,0.04,0.06,15.83,0,0,2.97,0,15.05,0,0.02,0,0.78,0,0.06,0,0,0.1,0,0,0,0.44,0,0,6.55
0.04,0,0.02,0.02,0,3.92,0.28,0.02,2.07,0,2.24,0,0,0,0,0.04,0,0,0,0.02,0,5.6,0,0.59,0.04,0.14,0.45
0.04,9.4,0,0.04,0.04,0.1,0.28,0.08,0.12,0,4.49,0,0.02,0,0,0.12,0.04,0,0,0.06,0,0,0,0.02,0.34,0.04,0.64
0.08,0.2,0.02,0.02,0.06,0,0,0.08,0.43,0,0.2,0,0.1,0,0.91,30.3,0.04,0.02,0,4.04,0.2,0,0,0.08,0,0.4,21.46
0,6,0,0,0,2.62,0,0,3.15,0,1.18,0.64,0,0,0.1,4.09,0,0,0,4.85,0,3.8,0,0,2,0.62,1.32
0,26.2,0,0,0,0.68,0,0.08,10.8,0,1.32,0,0,0,3.13,1.42,0.41,0,0,6.54,3.8,0.4,0,0,0,0.08,0.02
0,17,0,0,0,0.34,0,0.16,0.08,0,0.08,0,0,0.02,5.1,5.49999999999999,0,0,0.02,1.63,1.2,1.2,0,0.1,0,0.08,7.3
0,2.2,0,0,0,1.4,0,0,12.67,0,0.58,0,0,0,3.64,0.04,0,0,0,4.78,2.8,1.8,0,0,0,0.06,0
0,0.4,0,0,0,20.9,0,0.11,0.12,0,0.91,0,0.02,0,8.38,1.28,0,0,0,4.78,1.4,15.4,0,0.14,0,0.02,0
0,0,0,0,0,0.76,0,0.1,0.1,0,7.8,0.6,0,0,0.04,0.02,0,0,0,0,0,0,0,0.14,0.38,0,0.22
0,1.8,0,0,0,0.18,0,0.11,4.74,0,8.61,0,0,0.04,0,0.5,0.02,0,0,0.2,0.2,0.6,0,0.08,0,1.26,2.61
0,22.2,0,0,0,6.77,0,0.4,0.86,0,0.32,0,0,0.02,0,0.22,0,0,0,0.12,0.2,1,0,0.06,0.58,1.7,0.17
0.1,1,0.08,0.02,0.02,0.12,0.4,0.02,0.32,0,4.08,0,0,0,0,0.06,0.04,0,0,0.28,0.6,0.6,0,0.06,0.08,0.28,2.07
0.04,0,0.02,0,0,36.87,0,0.4,0.76,0,2.21,0,0,0,0,0.04,0.02,0,0.11,0.22,55.2,3.2,0,0.14,0,1.08,0.54
0.02,17,0,0,0,23.17,0,0,0.06,0,14.94,0.06,0,0,2.2,2.65,0.04,0,0.12,0.14,0.4,0.8,0,0,0.73,0.38,20.71
0,7.4,0,0.1,0,1.38,0,5.95,4.62,0,0,0,0.26,0.02,3.09,0.96,0.12,0,0.06,0.08,0.2,0,0,2.61,0.56,1.32,7.47
0.04,15.6,0,0.04,0.1,0.28,0.02,0.02,2.32,0,1.05,0,0.04,0.02,17.87,3.2,0.06,0,0,0.06,0,0,0,0.06,0,0.84,1.14
0,5.4,0,0.04,0.02,0.1,0.04,0.02,0.12,0,1.87,0,0,0,6.27,2.97,0.06,0.02,0.02,0.08,2.6,0.6,0,0,0,0.12,3.13
0,0.2,0,0.04,0.02,0.04,0,0,0.12,0,0.02,0,0,0,0,0.02,0.04,0,0,0.06,0.2,0,0,0,0.17,0,0.02
0,7,0,0,0,3.35,0,0,0.32,0,15.31,0,0,0,0,0,0,0,0.04,0,0.4,0,0,0,0,0.4,0
0.02,0.2,0.02,0.08,0.1,22.88,0,4.84,0.2,0,5.75,0,0.06,0,0,0,0.08,0,0,0.06,0.4,0,0,0.3,0.1,3.09,0
0,0.6,0.33,0.02,0,0,1.65,0.11,1.56,0,1.24,0,0,0,17.75,0.57,0.06,0,0.02,0.02,3.2,2.6,0,0.08,0.14,0.52,0.02
0,2.2,0.87,0,0,0,1.61,0.07,0.14,0,0.08,0,0,0,0,0.02,0,0.04,0.04,0.04,0.6,0.4,0,0,1.5,0.1,0.64
0,40,0,0,0,23.17,0,16.48,10.02,0,2.22,0,0,0.02,1.54,0.12,0,0.4,0,0,0.2,0,0,17.95,1.09,0,0.2
0,0.2,0,0,0,0.1,0,16.85,0.18,0,19.13,0,0,0,2.83,0.06,0,0.02,0.04,0.04,0.4,0,0,3.09,0,0.06,35.22
0.02,0.2,0,0.04,0.06,0.08,0,0.16,0.18,0,10.53,0,0,0,0,0.12,0.02,0,0.02,0.02,0.2,0,0,0,0,0,0.1
0.02,0.2,0,0.06,0.04,3.7,0,0.2,0.14,0,0.12,0,0,0,0,0.16,0.06,0,0.02,0.02,0.4,0,0,0,0,0,0
0,3,0,0.02,0.02,6.46,0.02,1.48,14.33,0,0,0,0,0,0,0,0,0.02,0,0,0,0,0,0,0,0.02,0.14
0,0,0,0,0,1.03,0.02,0.62,0.69,0,3.43,0,0,0,0,3.01,0,0,0.02,0.02,0.2,0,0,0,0,0.26,2.51
0,4.8,0,0,0,2.24,0,0.04,4.64,0,42.76,0,0,0,13.73,17.51,0,0,0,0.02,0.4,0,0,0,0.4,0.46,7.95999999999999
0,27.4,0,2.49,0.18,24.78,0,0.02,3.35,0,3.99,0.64,0.44,0,7.79999999999999,5.27,1.03,0,0,0.04,6.4,0,0,0,1.86,0.5,0.46
0,0.4,0,0,0,0.46,0,0,0.42,0,10.54,0,0,0.03,9.40999999999999,10.56,0,0,0.02,0.02,1.4,2.4,0,0,0.36,0.86,71.59
0,17.2,0,0,0.12,0,0.43,0.02,2.47,0,19.69,0.43,0.93,0,6.87999999999999,8.35999999999999,1.75,0.1,0.08,0.08,9.6,1.2,0,0,6.08,0.46,0.16
0,0,0.06,0,0.37,0.88,0.04,0.02,0.28,0,2.46,2.01,0.02,0,4.08,0.02,0.26,0.06,0,0.02,0,0,0,0,7.85999999999999,0.04,1.27
0,0,0,1.21,0,0,0.04,0.02,0,0,3.16,3.8,0.14,0,0,0,0.63,0,0.02,0.03,0.6,0,0,0.02,7.28,0,0
0,0,0,0,0,19.94,0,0,0,0,1.48,0,0,0,2.39,9.9,0,0,0,0.08,0.4,0,0,0,0,0.38,13.13
0,0,0,0.04,0,32.15,0,0,2.77,0,1.5,1.39,0,0.02,16.36,1.74,0,0,0.02,0.02,2,0,0,0.02,0.96,0.9,0.78
0.02,0,0,0,0.36,1.08,0,1.21,9.19,0,0.08,0.56,0,0,3.65,3.82,0.58,0,0,0,0,0.8,0,0,1.84,0.24,0.49
0,0,0,0,0,0.14,2.05,7.17,0.76,0,0.08,0.12,0,0.09,0.1,0.06,0,0.46,0.02,0.02,0.6,19.6,0,0.02,1.59,0.08,0.1
0,0,0,0,0,0,0.04,4.06,0.06,0,9.31,0,0,0,0.06,14.73,0,0.06,0,0,4.4,7,0,0.02,0.29,0.16,0.8
0,0,0,0,0,0.12,0,0.26,0.16,0,0.1,0,0,0,4.76,0.95,0,0,0,0,1,0.2,0,0.02,0.4,0.04,0
0,0,0,0.04,0,0.04,0.1,0.04,0.08,0,0,0,0,0,7.51,0.06,0,0,0.02,0.04,1.2,3.4,0,0.04,0,0.04,0
0.02,0,0,0,0.08,0.04,0.02,0.13,0.06,0,0,0,0,0,9.49,0.02,0.04,0.02,0,0,0,0,0,0,0,0,0
0,0,0,0,0,0.04,0.14,4.75,0.3,0,0.18,0,0,0,0.06,0,0.02,0.4,0.02,0.04,0.2,0,0,0,0.55,0,0.65
0,0,0,0,0,24.81,0,0.53,6.45,0,12.51,0.02,0,0,0,0,0,0.06,0.04,0.02,0.2,0,0,0.39,0.24,0,0
0,0,0,0,0.02,2.48,0.1,4.7,10.98,0,0,0,0,0,0,0,0.04,0,0,0.02,0.2,0,0,3.78,0,0,0
0,0,0,0,4.01,0.04,0,8.23,7.74,0,0,0,14.01,0,0,22.1,9.63999999999999,0,0.02,0.02,0.2,0,0,6.26,0,0,0.47
0,0,0,0,7.57,0.06,0,0.35,13.88,0,0.96,0,0.08,0,5.44,2.47,8.65,0,0,0.02,0.2,0,0,0,0,0.18,0.68
0,0,0,0,0.06,0,0,0.08,0,0,0,0,0,0,9.43,0,0.06,0,0,0,0.6,0,0,0,0.06,0.02,0
0,0,0,0,0.04,0.52,0,0.02,0.06,0,1.26,0,0.06,0,10.38,5.31,0.04,0,0,0,0.2,0,0,0,0,0.12,1.05
0,0,0,0,0,1.06,0.02,0.27,0.04,0,0.02,0,0,0,7.57,11.81,0,0,0.02,0.08,8.2,2.2,0,0,0,0.04,1.25
0,0,0,0,0,0.04,0,0.08,0,0,0,0,0,0,0.02,3.4,0,0.04,0.02,0.08,0.2,1,0,0.02,0.24,0,0
0,0,0,0,0,0.02,0.06,0.04,0.1,0,0,0,0.1,0,0,0.18,0,0,0,0,3.2,0.2,0,0,0.32,0,6.53
0.04,0,0,0,0,0.04,0.7,0.16,0.12,0,0,0,0,0,4.33,19.42,0,0,0.06,0.05,8,1.8,0,0,3.7,0.14,0.96
0,0,0,0,0,0.06,0.65,0.14,0.12,0,0.04,0.72,0,0,4.03,0.14,0.46,0,0,0.02,13.2,15.8,0,0,5.82999999999999,0.02,3.88
0,0,0,0,0.64,0.02,0.02,0.02,0.14,0,0.12,0,0,0,0.08,11.29,1.83,0,0,0,17.4,0.4,0,0,0.42,0,0
0,0,0,0.06,0,0.04,0.08,0.08,0.1,0,0.08,0.56,1.04,0,0.58,0,0,0.08,0.04,0.04,2,19.6,0,0,4.04,0,0
0,0,0,0,0,5.77999999999999,0.06,0.52,9.15,0,0.14,0,0,0,0.14,7.75,0,0.16,0.02,0.02,2.8,8,0,0,0.12,0,0
0,0,0,0.04,0,0.12,0,0.22,0.18,0,0.08,0.91,0,0.04,0.26,0.06,0,0.02,0.02,0,0.8,0.4,0,0,2.02,0,0.23
0,0,0,0,0,5.78,0,0.13,3.37,0,8.57999999999999,0,0,0,0.04,19.8,0.34,0,0.04,0.06,1.2,0.2,0,0,0.6,0,13.56
0,0,0.23,0,0.06,1.58,2.21,0.02,11.8,0,0.16,5.83,0.31,0,7.36,3.01,0.04,0.02,0,0.04,1,2.2,0,0.04,1.63,0,11.39
0,0,0,0,0,0.1,2.63,0.08,0.26,0,0.59,0.26,0,0,0.06,0,0.1,0.28,0.02,0.04,3.4,21.4,0,0,3.93,0,1.41
0,0,0,0,0,0.1,0,0.27,0.2,0,0,0,0,0,0.31,0.83,0.02,0.1,0,0.02,2,0,0,0,0.04,0,0.1
0,0,0,0,0,0.08,0,0,0.1,0,0.12,0,0,0,10.15,0,0,0,0.04,0.02,4,0.8,0,0,0,0,0.08
0.04,4.2,0,0.02,0.06,0.02,0,0.02,0.02,0,0,0,0,0,1.22,0,0.06,0,0.02,0,0.8,2.2,0,0.02,0,0,0.12
0,0,0,0,0,0,0.04,0,0,0,0,0,0,0,0.56,0.71,0,0.13,0,0.06,18.2,4,0,0,0.89,0,0
0,0,0,0,0.1,0.04,0,0,0,0,0.96,5.02,0.1,0.02,1.72,13.13,0,1.54,0,0,0.4,0.2,0,0,0.23,0.2,0.06
0,6.4,0,0.02,0.02,0,0,0.04,0.31,0,0,0,0,0,1.56,0.34,0.04,0,0,0,0,0,0,0,0,0.1,0
0,0.2,0,0,0.04,9.1,0,0.07,1.4,0,0,0,0,0,1.08,0,0.04,0,0.02,0.06,1.4,0,0,0,0,0,0
0,1.6,0,0,0,5.07,0.04,0.08,5.76999999999999,0,1.42,0,0,0,5.15,2.06,0.04,0.45,0.04,0.06,0.8,7.2,0,0,0,0.48,2.51
0,0.2,0,0,0,0.17,0,0.06,21.66,0,0.53,0,0.06,0,17.44,4.86,0.02,0.06,0.02,0.02,0.2,0,0,0,0,0.62,4.8
0,3.6,0,0.02,0.02,1.04,0.02,3.9,3.02,0,0.2,0,0,0,2.17,0.39,0,0.02,0.02,0.04,0.2,0,0,0.02,0,0.26,2.32
0.02,6.8,0,0.02,3.95,0.16,0.04,0.06,0.74,0,0.16,0,0.72,0,2.54,0.25,0,0,0.02,0,0.2,0,0,0.15,0.08,0.08,0.57
0,0,0,0.02,0.81,0.43,0,1.07,1.96,0,0,0,0.02,0,0.02,0,0,0,0.02,0.04,0,0.6,0,0,0.02,0.9,0.06
0,10.8,0,0,0,2.11,2.08,0.04,1.46,0,1.53,0,0,0.11,0.06,10.72,0,0.29,0,0.02,0,0,0,0,0.4,0.22,23.35
0,7.2,0,0,0,1.62,0.02,0.07,0.1,0,2.97,0,0,0,1.53,0,0,0,0,0.02,0,0,0,0,0.12,0.06,0
0,16.8,0,0,0,4.38,0,0,29.37,0,0.32,0,0,0,4.25,15.99,0,0,0,0,0,0,0,0,0.3,0.56,2.69
0,0.2,0,0,0,0.06,0,0,0.51,0,0,0,0.66,0.02,0.02,0.08,0,0,0,0.2,0.8,0,0,0,0,0.16,0.04
0,0,0,0,0,1.75,0,0.02,1.89,0,0,0,1.48,0,0.06,15.45,0,0,0.04,0.02,1.2,0.4,0,0.51,0,0.56,3.6
0,17.6,0,0,0,3.55,0,0.04,13.29,0.02,0,0,0,0,3.34,0,0,0.66,0,0.06,0,0.4,0,0.33,0,0.66,0.02
0,0,0,0.45,18.84,4.07,0.04,0.59,0.56,0,0.08,0,1.08,0,4.59,0.02,0,0,0.04,0.04,0.2,0,0,0,0,0,0.66
0,9.4,0,0,0,1.05,0,0,3.67,0,0.96,0,0.18,0.02,1.12,13.53,0,0,0.02,0,0.2,0,0,0,0.55,0.54,34.93
0,4,0,0,0,0.97,0,0,17.25,0,19.53,0,0,0,15.86,13.4,0,0,0.02,0.06,0,4.4,0,0.52,0.73,0.92,2.17
0,0.2,1.03,0,0,3.27,0,0.04,35.39,0,4.56,23.96,0,0,23.72,0.08,0,0,0,0,37,33.8,0,0,1.37,0.32,7.11
0,0,0.54,0.23,0,0.14,0.22,0,6.49,0.02,0.12,2.69,0,0,4.12,1.93,0,0.16,0,0,1,10,0,0.67,2.52,0.54,11.52
0,0.2,0,0,0,8.98,0.04,0,10.49,0,0,0,0,0,4.54,0.06,0,0,0,0.04,0.2,0,0,0,0.33,0.06,11.98
0,0.8,0,0,0,1,0,0,1.75,0,16.87,0.83,0,0,0.04,0,0,0,0,0,0.2,0,0,0,0.19,0,0.29
8.18999999999999,10.6,0,0,0,0.87,0.08,0,8.02,0,3.45,0,0,0.02,4.67,7.60999999999999,0,0,0.02,0.02,2.4,2.6,0,4.22,0.59,0.82,3.87
2.12,1.2,0,0,0,1.1,2.99,0,0.71,0,0.57,0,0.5,0,1.15,28.62,0,0,0.02,0.02,0.2,0,0,0,1.37,0.72,0.3
0.76,0.2,0,2.67,2.89,41.27,0.93,0.02,1.56,0,0.4,10.78,0.42,0.02,2.03,21.78,0,0,0.03,0.02,0,0,0,0.02,0.35,0.44,1
0.04,5.4,0,0.24,0,1.75,0,0.08,5.47,0,14.59,3.52,0,0,9.41999999999999,9.21,0,0,0,0,0,0,0,0.02,3,0.24,0.86
0.02,0.2,0,0,0,1.49,0,0,6.25,0,0.14,0,0,0,7.23,0.24,0,0,0.02,0.02,0.2,0,0,0.02,1.29,0.1,18.31
0,0,0,0,0,0.66,0.02,0,1.28,0,2.13,0,0,0,0.02,1.37,0,0,0.02,0.04,0.2,0,0,0,0,0.02,1.71
0,0.2,0,0,0,0.1,0,675.35,0,0,0.08,0.2,0,0,0,0.04,0,0,0.04,0.02,0.2,0,0,0,0.04,0.02,1.68
0,0,0,0,0,0,0,0.05,0,0,0.21,6.29,0,0,0,0,0,0,0,0,0.2,0,0,0,6.26,0,0.06
0,0.2,0,0,0,1.02,0.8,5.7,0.54,0,0.08,0.15,0,0,6.28,1.4,0,0,0,0.06,0.2,0,0,0.02,1.35,0,0
0,0.4,0,0,0,3.25,0,0.07,0,0,0.31,0,0,0,11.64,1.59,0,0,0,0.08,0,0,0,0,3.02,0,0.04
0.02,0,0,0,0,0.1,0.02,0,0.12,0,0,0,0,0,0,0,0,0,0.04,0.04,0.2,0,0,0,0,0,0
0,0,0,0,0,0.04,0,7.51,2.54,0,0,0,0,0.02,0,0,0,0,0.02,0.02,0.2,0,0,0,0,0.66,0.67
0.04,0,0,0,0,0.04,0.04,0.1,0.26,0,2.64,0,0,0,0,0.02,0,0,0,0.04,0,0,0,0,0,0.3,0.08
0,0.2,0,0,0,0.06,0,0.07,3.03,0,0,0,0,0,0,0,0,0,0.02,0.02,0.2,0,0,0,0.21,0.04,0.77
0.02,0,0.02,0.02,0.02,0.02,0.04,0.05,0.62,0,0.22,0,0,0,0,0,0,0,0.02,0.02,0.2,0,0,0,0,0,0.91
0,0,0,0,0,1.5,0.04,0.12,0.06,0,0,0,0,0,5.52,2.03,0,0,0.02,0,0.2,0,0,0.22,0,0,0
0,0,0,0,0,1.05,0,0.13,0.02,0,0.16,0,0,0.03,19.06,0,0,0,0.02,0.04,0,0,0,1.27,0,0.02,17.56
0,0,0,0.02,0,0,0,0.04,0,0,0,0,0,0,0,0,0,0,0.02,0.02,0,0,0,0,0,0,0.02
0,0,0,0,0,9.76,0,0.05,0,0,0,0,0,0,11.61,9.07,0,0,0.02,0.02,0.2,0,0,0,1.46,0.24,1.6
0,1.8,0,0,0,2.99,0,0.7,0,0,0,0,0,0,14.89,27.7,0,0,0,0,0,0,0,0,0.06,0.08,0
0,4.6,0,0,6.71,0.04,0,8.98,0.02,0,2.9,0,1.72,0,12.29,3.74,0,0,0.02,0.04,0.2,0.2,0,0.37,0,0,19.31
0,16,0,0,0,0.13,0,0.39,0.14,0,0.29,0,1.58,0.02,1.89,2.91,0,0,0.04,0.02,0.2,0.2,0,0,0,0,0.46
1.18,4.6,0,0.02,16.74,1.5,0,1.46,7.49,0,0,0.7,1.16,0.02,0.55,8.32,0,0,0,0,1.6,0,0,0,0,0,0.24
0.12,0.2,0,0,0,4.74,0,0.73,0.76,0,0,0.38,0.46,0,5.34999999999999,5.95,0,0.04,0.03,0.04,0.2,2.8,0,0,0.08,0.32,0.42
0.04,0,0,0,0,0.06,0,22.35,0,0,0,0.2,0,0,0,5.27,0,0.24,0.02,0.02,0,3.2,0,0,2.07,0.16,0
0.02,0,0,0,0,0.02,0.06,0.02,0,0,0,0,0,0,13.34,5.18,0,0.06,0,0,0.2,0,0,0,0.09,0.06,0.23
0.64,0,0,0,0,0,1.33,0.09,0,0,0.54,10.06,0,0,0.28,2.59,0,0,0.02,0.04,0,0.4,0,0.17,1.59,0.46,0.54
0.18,0,0,0.04,0.1,0.3,0,0.09,0,0,0.73,0,0.02,0,0.04,0,0,0,0.02,0,0.2,0,0,0,0.08,0.14,0.04
0.04,0,0,0,0,0,0,0.1,0,0,0.02,0,0,0,0,0.04,0,0.02,0.02,0.02,0.2,0,0,0,0,0.44,1.86
0,0,0,0.04,0.79,0,1.02,0.09,0,0,0,4.53,0.04,0,0,0.04,0,0,0.02,0,0,0,0,0.02,0.24,0,0.08
0.93,0,0.28,7.5,1.19,0.04,0,0.36,0,0,0,0.18,0.74,0,0,0.17,0,0.02,0,0.02,0.8,0.4,0,0,0.02,0.5,0.17
4.05,0,0.11,8.64,1.02,4.2,8.94,0,0.02,0,0.48,6.49,1.08,0,0.85,0.59,0,3.47,0.05,0.02,0.4,0,0,0,0.16,0.3,0.04
0.3,0,15.91,13.76,0.17,2.74,0.04,0.02,0,0,4.26,21.65,0.54,0,0.56,7.11,0,51.73,0.05,0.04,0,0.2,0,0.03,4.43,0.74,0.4
0.04,0,63.99,0.12,0.29,0.39,14.18,0.05,0,2.3,0.08,0.06,0.36,0,2.26,15.83,0,22.94,0.02,0.02,0.2,0,0,0.04,5.19,0.82,0.06
5.29,0,0,0.06,0.65,3.64,42.5800000000001,0,0,0,0.04,15.02,0.18,0.04,1.26,10.2,0,6.19,0.02,0.04,2.4,6.4,0,1.37,9.98,0.66,0.08
0.1,0,0,0,0,5.54,31.79,0.04,0,0,0.5,20.18,0,0.04,0.29,1.68,0,0,0,0,1,20.8,0,0.02,7.52,0.1,2.02
0.04,0,0,0,0,0.76,13.36,0.07,0,0,1.52,0.89,0,0,19.74,7.41,0,0.19,0.04,0.04,0,0,0,0.27,7.25,0.68,5.15
0,0,0,0,0.23,0,1.18,44.25,0,0,0.04,5.48,0.58,0,7.35,2.1,0,0,0.02,0,0,0,0,0,16.5,0.34,1.43
0,0,0,0,0,0,2.36,0,0,0,0.02,0,0.04,0,0.04,0.65,0,0,0.03,0,1.2,0,0,0,4.9,0.5,5.15
3.62,0,5.65,7.23,0.71,4.21,6.89,0.02,0,0,0.04,2.17,1.46,0,12.27,1.86,0,1.54,0.02,0.04,0,0,0,0,4.03,0.06,0.28
0,0,0,0.02,0,9.72,0,0,0,0,0,0,0.14,0,0,0.4,0,0.26,0,0.02,0,0,0,0,0.04,0.02,0.1
0,0,0,0,0,0,0,1.75,0,0,0,0,0,0,0,0,0,0,0.02,0.04,0,2.4,0,0,0,0,0
0,0,23.79,0,0,0,0,0.02,0,0,0,0.46,0,0,0,0,0,2.86,0.04,0.04,45.6,0.6,0,0,0,0,0.04
0,0,41.49,0.51,0,0.13,1.65,0.02,0,0,0.04,1.78,0,0,0,0,0,6.48,0,0.02,3.6,7.6,0,0.37,0,0.56,5.3
1.58,0,38.46,3.45,10.24,0.04,15.67,0.06,0,0,1.16,2.35,0.84,0,0,0,0,24.95,0.06,0.02,1,10.4,0,0,17.03,0,0
17.63,0,0.02,11.09,1.82,8.22999999999999,46.3,0,0,0,0.16,18.61,0.86,0,0,4.91,0,22.86,0,0,0.2,0,0,0.07,41.64,0.08,0.02
2.96,0,6.52,11.24,11.38,32.2899999999999,55.36,0,0,0,4.34,33.82,0.66,0,0,3.4,0,10.12,0.04,0.04,0,0,0,0.02,21.37,1.36,1.93
0.22,0,2.55,0.1,1.05,15.72,16.21,0,0,0,6.38,0.55,0.48,0,0,0.1,0,10.03,0.02,0,4.4,1,0,0.02,1.66,0.6,7.04
8.07999999999996,0,22.27,16.48,13.54,0,53.45,0.19,0,0,10.07,9.75,0.4,0,0.44,0.02,0,17.91,0.03,0.02,0.2,3.2,0,0.48,5.16,0.4,1.45
1.26,0,26.73,6.34,4.22,5.47,16.12,0.1,0,0,0,0.02,0.36,0,0,0,0,54.87,0.02,0.02,1.2,0,0,0.69,0.16,0.08,1.99
2.28,0,0,14.72,18.63,0,39.7,0.02,0,0,9.03,29.31,0.36,0,0,0,0,18.45,0.02,0.06,0.2,0.2,0,0.04,22.99,0.06,3.78
3.6,0,0,0.02,7.98,5.74999999999999,43.2300000000001,0.19,0.02,0,1.5,6.39,0.32,0,0,4.65,0,0.02,0.02,0.04,0,0.2,0.32,0.47,42.0300000000001,0.06,0.17
2.26,0,0,11.65,1.65,9.11999999999999,4.19,0.04,0.03,0,7.25,0.95,0.3,0,11.56,5.86999999999999,0,25.95,0.06,0.02,1.2,0,0,0.77,0,0.45,36.37
1.46,0,22.26,7.05,12.31,3.96,0.02,0,0.02,0.05,0.04,5.52999999999999,0.32,0.02,10.01,0.14,0,6.41999999999999,0,0,0.2,0,0,0,0,0.02,0.08
1.12,0.4,0,2.09,5.61999999999999,0.04,0.06,0.09,0.08,0,3.25,0.28,0.24,0.07,0.06,4.53,0,0.41,0.04,0.04,0,0,0,0.02,14.46,0.02,24.74
0.62,6.8,0.08,0.06,14.79,0.28,4.45,0.92,0,0,11.56,0.02,0.24,0,7.02,3.26,0,0.49,0.04,0.02,0.2,0.2,0,4.72,0.65,0,8.38
0.28,0,0.02,0.04,0.04,20.15,0,0.06,0.04,0,0.08,0,0.22,0,15.84,0.34,0,0.08,0.06,0.06,17.2,55.6,14.37,0.04,0.08,0,8.04999999999999
0.12,0.4,0.96,0.06,12.82,19.99,13.15,0.02,0,0,4.67,0,0.2,0,11.87,0.08,0,15.61,0,0.02,114.8,11.8,10.04,4.53,0,0,0.22
0.06,0,10.94,0.56,0.06,18.36,21.65,0.04,0,0,0.04,1.17,0.2,0,0.41,0.16,0,7.9,0.02,0.02,27.6,3.4,0,0.11,0.52,0,0
0.08,0,30.47,0.46,0,8.88,14.07,0,0,0,0.1,6.47,0.14,0,0.08,0,0,0,0.02,0,0.4,5.4,7.37,0.13,0.32,0,0.02
0.06,0,0,0.1,0.04,3.22,0,0,0,0,0,0,0.08,0,0,0,0,0,0,0,0,0.2,0,0,0,0,1.59
0.06,0.2,0.25,0.04,1.25,6.55,0.52,0,0,0,0.06,0.16,1.64,0.05,0,0.1,0,0,0.02,0.02,0,0.2,0.22,0,2.17,2.84,3.96
0.04,0,34.23,0.36,5.27,10.57,33.36,0,0,0,1.47,6.65,2.58,0,0.43,0,0,7.34,0,0,0,0.2,0.68,1.81,25.7,0.99,15.5
0.08,0,6.41,0.64,0.04,8.70999999999999,4.85,0.02,0,0,0.55,0.37,0.72,0,0,0,0,0.04,0.02,0,0,0,0,0.6,0.18,0.14,0.02
0.04,0,0.14,0.06,0,3.32,0,0.04,0,0,0.18,0,0.22,0,0,0,0,0.02,0.03,0,0,0,0,0,0.04,0.02,0
0.02,0.2,0,0.12,0.12,3.5,0,0.02,0,0,0.08,0,0,0,0,0,0,0.02,0.02,0.02,0,0.6,11.05,0,0,0,0
0,0,0.51,0.04,0.04,0.32,0,0,0,0,0,0,0,0,0,0,0,0,0.02,0.02,6.8,0.2,1.82,0,0,0,0
0,0.8,0,0.04,0.04,0.52,2.6,0.06,0,0,0.04,0,0,0,0,0,0,0,0.02,0.1,2.8,0.4,0,0,6.09,0,0.06
0.02,0,0.22,0.37,0.18,4.29,0.1,0,0,0,0,0,0,0,0,0.02,0,0,0.02,0.02,0,0,0,0.07,0.08,0,0.14
2.21,0,10.11,1.02,0.28,0,0.02,0,0,0,0.1,0,0.08,0,0,0.16,0,0,0.06,0.15,25.6,8.4,0,0,0.14,0,1.47
0.04,0,0.57,0.57,0,1.74,8.28,0,0,0,0.04,0.33,0.1,0,3.77,0,0,0.29,0.08,0.02,15.2,0,10.28,0,0.06,0.86,2.94
1.35,0,25.04,7.08,2.01,0.49,6.02,0,0,0,0.72,13.54,2.48,0,0.68,0.02,0,6.89999999999999,0.02,0.04,0,0,0,0.19,3.45,0.08,4.64
2.52,0,0.12,0.04,0,0,0,0.04,0,0,0.12,0.04,0.5,0,0,0,0,0.12,0,0,0,0.4,0,0,0.24,0,0.02
0,0.2,1.16,0.1,0,0.24,0.16,0.31,0,0,0.16,3.3,0,0,0,0,0,0,0.02,0,0,0.4,0,0,0.06,0,0
0,0,0.02,0.12,0.06,0,0,0.04,0,0,0.02,0,0,0,0,0,0,0,0.04,0.04,0.2,0,0,0,0.14,0,0
0,0.2,0.06,0.06,0.04,0,0,0,0,0,0.04,0,0,0,1.67,0,0,0.06,0.04,0.02,0.2,0.4,0,0,0,0,0.06
0,0,0.04,0.02,0,0,0,0,0,0,0.06,0.06,0,0,0,0,0,0,0.04,0,1.4,0,0,0,0.08,0,0.12
0,0,0,0.06,0,0,0,0.04,0,0,0.02,0,0,0,0,0,0,0.06,0,0,0,0.4,0,0,0.12,0,0.12
0,0,0,0.06,0.06,3.05,0,0,0,0,0.1,0,0,0,0,0,0,0,0,0,0,0.4,0,0,0.08,0,0
0.02,0,0,0.12,0.04,0,0,0.07,0,0,0,0,0,0,0,0,0,0,0.02,0,0,0.2,0,0,0,0,0
0.02,0.2,0.81,0,0.04,0,4.17,0,0,0,0.66,0,0,0,0,0,0,3.66,0,0.02,0.2,0.2,0,0.13,0.08,0,0
0.98,0,20.02,1.2,0.12,1.2,1.25,0,0,0,0.06,0.48,0.28,0,0,0,0,3.63,0,0.02,0,0,0,0,0.5,0,0
0.12,0.2,0.14,0.06,0,4.28,1.35,0.02,0,0,0.1,0.02,0,0,0,0,0,0.08,0.04,0.04,0.2,0.8,0,0,0.1,0,0
0.14,0,0.12,0.16,0.04,2.81,0,0.05,0,0,0,0,0.04,0,0,0,0,0.04,0,0,0,0,0,0.36,0.49,0,0
0.1,0,0.28,1.31,0.14,4.02,0.1,0,0,0,0,1.67,0.02,0,0,0,0,0.04,0,0,0,0,0,4.63,0.08,0,0
1.92,0,3.65,8.32999999999996,8.09,9.41000000000001,0,0,0,0,0,0.1,3.64,0,0,0,0,0.04,0,0,0,0.6,0,0,1.75,0,0
0.1,0,0,0.66,0.06,0,0,0,0,0,0.16,0,0.44,0,0,0,0,0,0.04,0.02,0.2,0.4,0,0,0.06,0,0.72
0,0,0.04,0,0,0,0,0,0,0,0,0,0,0,0,0.6,0,0,0.12,0.04,0,0,0,0,0,0.12,8.46
0,0,0.08,0,0.14,0.12,0,0.02,0.19,0,1.22,0,0,0,0,0.3,0,0,0.1,0.02,33.2,2.8,35.74,0,0,0.4,14.85
2.16,0.6,1.79,0,0.98,4.23,6.83,0,0,0,3.89,0,1.3,0,0.1,0.35,0,0,0,0,0.4,0.6,0.08,0.58,0,0.86,2.82
0.14,0,3.62,0,0,0.48,0.59,0,0,0,0.06,0,0.08,0,0.1,0.04,0,0,0,0.06,9,0,0.87,0,0.02,0.76,9.91999999999999
